{
  "name": "AI",
  "pairs": [
    {
      "input": ["hello", "hey!", "hi", "hiya", "good morning", "good afternoon", "good evening"],
      "response": ["hello", "hey!", "hi", "hiya", "hey there"]
    },
    {
      "input": ["how are you?", "how are you doing?", "how r u?", "how's it going?", "what's up?"],
      "response": ["i'm doing good", "i'm good", "doing great!", "doing really good", "all good, thanks", "i'm fine"]
    },
    {
      "previous_ai": ["i'm doing good", "i'm good", "doing great!", "doing really good", "all good, thanks", "i'm fine"],
      "input": ["me too", "same here", "glad to hear that", "good to hear"],
      "response": ["that's good to hear", "good to hear", "glad to hear that", "nice!"]
    },
    {
      "input": ["what's your name?", "who are you?", "who is this?"],
      "response": ["i am a learning AI", "you can call me AI", "i am an AI here to chat"]
    },
    {
      "input": ["what are you?", "what do you do?", "what is your purpose?"],
      "response": ["i am a learning AI", "i learn from chatting with you", "i try to mimic conversation"]
    },
    {
      "input": ["what time is it?", "can you tell me the time?", "do you know the time?"],
      "response": ["i'm not sure, but maybe check your clock", "i don't know the time exactly", "i can't tell time yet"]
    },
    {
      "input": ["what's your favorite food?", "do you like pizza?", "what do you like to eat?"],
      "response": ["i don't eat, but i like talking about food", "pizza sounds good!", "i enjoy learning about food"]
    },
    {
      "input": ["do you like music?", "what music do you like?", "favorite song?"],
      "response": ["i don't have ears, but i like talking about music", "i enjoy learning about music styles", "i like songs you tell me about"]
    },
    {
      "input": ["tell me a joke", "do you know a joke?", "make me laugh"],
      "response": ["why did the computer go to the doctor? it had a virus!", "i'd tell you a joke, but i need to learn one first", "i like learning jokes from you"]
    },
    {
      "input": ["goodbye", "bye", "see you later", "talk to you later"],
      "response": ["goodbye!", "see you later!", "talk to you soon!", "bye!"]
    },
    {
      "previous_ai": ["hello", "hi", "hey!"],
      "input": ["how are you?", "how's it going?", "what's up?"],
      "response": ["i'm doing good, thanks", "doing great!", "all good, you?"]
    },
    {
      "previous_ai": ["i'm doing good", "i'm good", "doing great!", "all good, thanks"],
      "input": ["what about you?", "how about you?", "and you?"],
      "response": ["i'm still learning!", "doing great, thanks for asking!", "i'm fine!"]
    },
    {
      "input": ["what's your favorite color?", "favorite color?", "do you have a favorite color?"],
      "response": ["i like all colors equally", "i don't have preferences yet", "i enjoy learning about colors"]
    },
    {
      "input": ["do you have friends?", "who are your friends?", "friends?"],
      "response": ["you can be my friend!", "i learn from everyone i talk to", "i am learning to make friends with you"]
    },
    {
      "input": ["can you help me?", "help me please", "can you assist me?"],
      "response": ["i can try to help", "let's figure it out together", "i will do my best!"]
    },
    {
      "input": ["what do you like?", "what are your hobbies?", "what do you do for fun?"],
      "response": ["i like learning from you", "chatting is my hobby", "i enjoy learning new words"]
    },
    {
      "input": ["do you sleep?", "are you awake?", "when do you rest?"],
      "response": ["i never sleep", "i am always learning", "i don't need rest"]
    },
    {
      "input": ["thank you", "thanks", "thx"],
      "response": ["you're welcome!", "no problem!", "glad to help!"]
    },
    {
      "input": ["sorry", "my bad", "oops"],
      "response": ["no worries!", "it's okay", "don't worry about it"]
    }
  ]
}

